Author,Genre,Name,Year,Price,Reviews,User Rating
JJ Smith,Non Fiction,10-Day Green Smoothie Cleanse,2016,8,17350,4.7
Stephen King,Fiction,11/22/63: A Novel,2011,22,2052,4.6
Jordan B. Peterson,Non Fiction,12 Rules for Life: An Antidote to Chaos,2018,15,18979,4.7
George Orwell,Fiction,1984 (Signet Classics),2017,6,21424,4.7
National Geographic Kids,Non Fiction,"5,000 Awesome Facts (About Everything!) (National Geographic Kids)",2019,12,7665,4.8
George R. R. Martin,Fiction,A Dance with Dragons (A Song of Ice and Fire),2011,11,12643,4.4
George R. R. Martin,Fiction,A Game of Thrones / A Clash of Kings / A Storm of Swords / A Feast of Crows / A Dance with Dragons,2014,30,19735,4.7
Amor Towles,Fiction,A Gentleman in Moscow: A Novel,2017,15,19699,4.7
James Comey,Non Fiction,"A Higher Loyalty: Truth, Lies, and Leadership",2018,3,5983,4.7
Fredrik Backman,Fiction,A Man Called Ove: A Novel,2016,8,23848,4.6
Fredrik Backman,Fiction,A Man Called Ove: A Novel,2017,8,23848,4.6
Larry Schweikart,Non Fiction,A Patriot's History of the United States: From Columbus's Great Discovery to the War on Terror,2010,2,460,4.6
Jaycee Dugard,Non Fiction,A Stolen Life: A Memoir,2011,32,4149,4.6
Madeleine L'Engle,Fiction,A Wrinkle in Time (Time Quintet),2018,5,5153,4.5
Steve Harvey,Non Fiction,"Act Like a Lady, Think Like a Man: What Men Really Think About Love, Relationships, Intimacy, and Commitment",2009,17,5013,4.6
Adult Coloring Book Designs,Non Fiction,"Adult Coloring Book Designs: Stress Relief Coloring Book: Garden Designs, Mandalas, Animals, and Paisley Patterns",2016,4,2313,4.5
Blue Star Coloring,Non Fiction,Adult Coloring Book: Stress Relieving Animal Designs,2015,6,2925,4.6
Blue Star Coloring,Non Fiction,Adult Coloring Book: Stress Relieving Patterns,2015,6,2951,4.4
Coloring Books for Adults,Non Fiction,"Adult Coloring Books: A Coloring Book for Adults Featuring Mandalas and Henna Inspired Flowers, Animals, and Paisleyâ€¦",2015,8,2426,4.5
Ron Chernow,Non Fiction,Alexander Hamilton,2016,13,9198,4.8
Anthony Doerr,Fiction,All the Light We Cannot See,2014,14,36348,4.6
Anthony Doerr,Fiction,All the Light We Cannot See,2015,14,36348,4.6
Veronica Roth,Fiction,Allegiant,2013,13,6310,3.9
Chris Kyle,Non Fiction,American Sniper: The Autobiography of the Most Lethal Sniper in U.S. Military History,2015,9,15921,4.6
Khaled Hosseini,Fiction,And the Mountains Echoed,2013,13,12159,4.3
Glenn Beck,Non Fiction,Arguing with Idiots: How to Stop Small Minds and Big Government,2009,5,798,4.6
Neil deGrasse Tyson,Non Fiction,Astrophysics for People in a Hurry,2017,9,9374,4.7
Mark Twain,Non Fiction,"Autobiography of Mark Twain, Vol. 1",2010,14,491,4.2
DK,Non Fiction,Baby Touch and Feel: Animals,2015,5,5360,4.6
Angie Grace,Non Fiction,Balance (Angie's Extreme Stress Menders),2015,11,1909,4.6
Ina Garten,Non Fiction,Barefoot Contessa Foolproof: Recipes You Can Trust: A Cookbook,2012,24,1296,4.8
Ina Garten,Non Fiction,"Barefoot Contessa, How Easy Is That?: Fabulous Recipes & Easy Tips",2010,21,615,4.7
Michelle Obama,Non Fiction,Becoming,2018,11,61133,4.8
Michelle Obama,Non Fiction,Becoming,2019,11,61133,4.8
Atul Gawande,Non Fiction,Being Mortal: Medicine and What Matters in the End,2015,15,11113,4.8
Ta-Nehisi Coates,Non Fiction,Between the World and Me,2015,13,10070,4.7
Ta-Nehisi Coates,Non Fiction,Between the World and Me,2016,13,10070,4.7
Bruce Springsteen,Non Fiction,Born to Run,2016,18,3729,4.7
Stephenie Meyer,Fiction,"Breaking Dawn (The Twilight Saga, Book 4)",2009,13,9769,4.6
Glenn Beck,Non Fiction,"Broke: The Plan to Restore Our Trust, Truth and Treasure",2010,8,471,4.5
Bill Martin Jr.,Fiction,"Brown Bear, Brown Bear, What Do You See?",2017,5,14344,4.9
Bill Martin Jr.,Fiction,"Brown Bear, Brown Bear, What Do You See?",2019,5,14344,4.9
Jeff Kinney,Fiction,"Cabin Fever (Diary of a Wimpy Kid, Book 6)",2011,0,4505,4.8
Sasha O'Hara,Non Fiction,Calm the F*ck Down: An Irreverent Adult Coloring Book (Irreverent Book Series),2016,4,10369,4.6
David Goggins,Non Fiction,Can't Hurt Me: Master Your Mind and Defy the Odds,2019,18,16244,4.8
Thomas Piketty,Non Fiction,Capital in the Twenty First Century,2014,28,2884,4.5
Suzanne Collins,Fiction,Catching Fire (The Hunger Games),2010,11,22614,4.7
Suzanne Collins,Fiction,Catching Fire (The Hunger Games),2011,11,22614,4.7
Suzanne Collins,Fiction,Catching Fire (The Hunger Games),2012,11,22614,4.7
Chrissy Teigen,Non Fiction,Cravings: Recipes for All the Food You Want to Eat: A Cookbook,2016,16,4761,4.7
Francis Chan,Non Fiction,Crazy Love: Overwhelmed by a Relentless God,2009,14,1542,4.7
Francis Chan,Non Fiction,Crazy Love: Overwhelmed by a Relentless God,2010,14,1542,4.7
Francis Chan,Non Fiction,Crazy Love: Overwhelmed by a Relentless God,2011,14,1542,4.7
Kevin Kwan,Fiction,Crazy Rich Asians (Crazy Rich Asians Trilogy),2018,8,6143,4.3
Marjorie Sarnat,Non Fiction,Creative Haven Creative Cats Coloring Book (Adult Coloring),2015,4,4022,4.8
Marjorie Sarnat,Non Fiction,Creative Haven Owls Coloring Book (Adult Coloring),2015,5,3871,4.8
Abraham Verghese,Fiction,Cutting for Stone,2010,11,4866,4.6
Abraham Verghese,Fiction,Cutting for Stone,2011,11,4866,4.6
BreneÌ Brown,Non Fiction,"Daring Greatly: How the Courage to Be Vulnerable Transforms the Way We Live, Love, Parent, and Lead",2013,10,1329,4.8
Malcolm Gladwell,Non Fiction,"David and Goliath: Underdogs, Misfits, and the Art of Battling Giants",2013,13,4642,4.4
Charlaine Harris,Fiction,Dead And Gone: A Sookie Stackhouse Novel (Sookie Stackhouse/True Blood),2009,4,1541,4.6
Charlaine Harris,Fiction,"Dead in the Family (Sookie Stackhouse/True Blood, Book 10)",2010,8,1924,4.3
Charlaine Harris,Fiction,"Dead Reckoning (Sookie Stackhouse/True Blood, Book 11)",2011,4,2094,4.2
Rod Campbell,Fiction,Dear Zoo: A Lift-the-Flap Book,2015,5,10922,4.8
Rod Campbell,Fiction,Dear Zoo: A Lift-the-Flap Book,2016,5,10922,4.8
Rod Campbell,Fiction,Dear Zoo: A Lift-the-Flap Book,2017,5,10922,4.8
Rod Campbell,Fiction,Dear Zoo: A Lift-the-Flap Book,2018,5,10922,4.8
George W. Bush,Non Fiction,Decision Points,2010,17,2137,4.6
Tony Hsieh,Non Fiction,"Delivering Happiness: A Path to Profits, Passion, and Purpose",2010,15,1651,4.6
American Psychiatric Association,Non Fiction,"Diagnostic and Statistical Manual of Mental Disorders, 5th Edition: DSM-5",2013,105,6679,4.5
American Psychiatric Association,Non Fiction,"Diagnostic and Statistical Manual of Mental Disorders, 5th Edition: DSM-5",2014,105,6679,4.5
Jeff Kinney,Fiction,"Diary of a Wimpy Kid: Hard Luck, Book 8",2013,0,6812,4.8
Jeff Kinney,Fiction,Diary of a Wimpy Kid: The Last Straw (Book 3),2009,15,3837,4.8
Jeff Kinney,Fiction,Diary of a Wimpy Kid: The Long Haul,2014,22,6540,4.8
M Prefontaine,Non Fiction,Difficult Riddles For Smart Kids: 300 Difficult Riddles And Brain Teasers Families Will Love (Books for Smart Kids),2019,5,7955,4.6
Veronica Roth,Fiction,Divergent,2013,15,27098,4.6
Veronica Roth,Fiction,Divergent,2014,15,27098,4.6
Veronica Roth,Fiction,Divergent / Insurgent,2014,6,17684,4.5
Zhi Gang Sha,Non Fiction,"Divine Soul Mind Body Healing and Transmission System: The Divine Way to Heal You, Humanity, Mother Earth, and Allâ€¦",2009,6,37,4.6
Stephen King,Fiction,Doctor Sleep: A Novel,2013,13,15845,4.7
Jeff Kinney,Fiction,"Dog Days (Diary of a Wimpy Kid, Book 4) (Volume 4)",2009,12,3181,4.8
Dav Pilkey,Fiction,Dog Man and Cat Kid: From the Creator of Captain Underpants (Dog Man #4),2018,6,5062,4.9
Dav Pilkey,Fiction,Dog Man: A Tale of Two Kitties: From the Creator of Captain Underpants (Dog Man #3),2017,8,4786,4.9
Dav Pilkey,Fiction,Dog Man: Brawl of the Wild: From the Creator of Captain Underpants (Dog Man #6),2018,4,7235,4.9
Dav Pilkey,Fiction,Dog Man: Brawl of the Wild: From the Creator of Captain Underpants (Dog Man #6),2019,4,7235,4.9
Dav Pilkey,Fiction,Dog Man: Fetch-22: From the Creator of Captain Underpants (Dog Man #8),2019,8,12619,4.9
Dav Pilkey,Fiction,Dog Man: For Whom the Ball Rolls: From the Creator of Captain Underpants (Dog Man #7),2019,8,9089,4.9
Dav Pilkey,Fiction,Dog Man: Lord of the Fleas: From the Creator of Captain Underpants (Dog Man #5),2018,6,5470,4.9
Jeff Kinney,Fiction,Double Down (Diary of a Wimpy Kid #11),2016,20,5118,4.8
Marty Noble,Non Fiction,Dover Creative Haven Art Nouveau Animal Designs Coloring Book (Creative Haven Coloring Books),2015,5,2134,4.6
Daniel H. Pink,Non Fiction,Drive: The Surprising Truth About What Motivates Us,2010,16,2525,4.5
David Zinczenko,Non Fiction,Eat This Not That! Supermarket Survival Guide: The No-Diet Weight Loss Solution,2009,1,720,4.5
David Zinczenko,Non Fiction,"Eat This, Not That! Thousands of Simple Food Swaps that Can Save You 10, 20, 30 Pounds--or More!",2009,14,956,4.3
Joel Fuhrman MD,Non Fiction,"Eat to Live: The Amazing Nutrient-Rich Program for Fast and Sustained Weight Loss, Revised Edition",2011,9,6346,4.5
Joel Fuhrman MD,Non Fiction,"Eat to Live: The Amazing Nutrient-Rich Program for Fast and Sustained Weight Loss, Revised Edition",2012,9,6346,4.5
Stephenie Meyer,Fiction,Eclipse (Twilight Sagas),2009,7,5505,4.7
Stephenie Meyer,Fiction,Eclipse (Twilight),2009,18,5505,4.7
Tara Westover,Non Fiction,Educated: A Memoir,2018,15,28729,4.7
Tara Westover,Non Fiction,Educated: A Memoir,2019,15,28729,4.7
Johanna Basford,Non Fiction,"Enchanted Forest: An Inky Quest and Coloring book (Activity Books, Mindfulness and Meditation, Illustrated Floral Printsâ€¦",2015,9,5413,4.7
Ray Bradbury,Fiction,Fahrenheit 451,2016,8,10721,4.6
Ray Bradbury,Fiction,Fahrenheit 451,2018,8,10721,4.6
J.K. Rowling,Fiction,Fantastic Beasts and Where to Find Them: The Original Screenplay (Harry Potter),2016,15,4370,4.7
Bob Woodward,Non Fiction,Fear: Trump in the White House,2018,2,6042,4.4
E L James,Fiction,Fifty Shades Darker,2012,7,23631,4.4
E L James,Fiction,Fifty Shades Freed: Book Three of the Fifty Shades Trilogy (Fifty Shades of Grey Series) (English Edition),2012,11,20262,4.5
E L James,Fiction,Fifty Shades of Grey: Book One of the Fifty Shades Trilogy (Fifty Shades of Grey Series),2012,14,47265,3.8
E L James,Fiction,Fifty Shades of Grey: Book One of the Fifty Shades Trilogy (Fifty Shades of Grey Series),2013,14,47265,3.8
E L James,Fiction,Fifty Shades Trilogy (Fifty Shades of Grey / Fifty Shades Darker / Fifty Shades Freed),2012,32,13964,4.5
Michael Wolff,Non Fiction,Fire and Fury: Inside the Trump White House,2018,6,13677,4.2
Roger Priddy,Non Fiction,First 100 Words,2014,4,17323,4.7
Roger Priddy,Non Fiction,First 100 Words,2015,4,17323,4.7
Roger Priddy,Non Fiction,First 100 Words,2016,4,17323,4.7
Roger Priddy,Non Fiction,First 100 Words,2017,4,17323,4.7
Roger Priddy,Non Fiction,First 100 Words,2018,4,17323,4.7
Michael Pollan,Non Fiction,Food Rules: An Eater's Manual,2010,9,1555,4.4
RH Disney,Fiction,Frozen (Little Golden Book),2014,0,3642,4.7
John Heilemann,Non Fiction,"Game Change: Obama and the Clintons, McCain and Palin, and the Race of a Lifetime",2010,9,1215,4.4
George R.R. Martin,Fiction,Game of Thrones Boxed Set: A Game of Thrones/A Clash of Kings/A Storm of Swords/A Feast for Crows,2011,5,5594,4.6
George R.R. Martin,Fiction,Game of Thrones Boxed Set: A Game of Thrones/A Clash of Kings/A Storm of Swords/A Feast for Crows,2012,5,5594,4.6
George R.R. Martin,Fiction,Game of Thrones Boxed Set: A Game of Thrones/A Clash of Kings/A Storm of Swords/A Feast for Crows,2013,5,5594,4.6
Peter A. Lillback,Non Fiction,George Washington's Sacred Fire,2010,20,408,4.5
Brian Kilmeade,Non Fiction,George Washington's Secret Six: The Spy Ring That Saved the American Revolution,2013,16,4799,4.6
Giles Andreae,Fiction,Giraffes Can't Dance,2015,4,14038,4.8
Giles Andreae,Fiction,Giraffes Can't Dance,2016,4,14038,4.8
Giles Andreae,Fiction,Giraffes Can't Dance,2017,4,14038,4.8
Giles Andreae,Fiction,Giraffes Can't Dance,2018,4,14038,4.8
Giles Andreae,Fiction,Giraffes Can't Dance,2019,4,14038,4.8
Rachel Hollis,Non Fiction,"Girl, Stop Apologizing: A Shame-Free Plan for Embracing and Achieving Your Goals",2019,12,7660,4.6
Rachel Hollis,Non Fiction,"Girl, Wash Your Face: Stop Believing the Lies About Who You Are So You Can Become Who You Were Meant to Be",2018,12,22288,4.6
Rachel Hollis,Non Fiction,"Girl, Wash Your Face: Stop Believing the Lies About Who You Are So You Can Become Who You Were Meant to Be",2019,12,22288,4.6
Glenn Beck,Non Fiction,"Glenn Beck's Common Sense: The Case Against an Out-of-Control Government, Inspired by Thomas Paine",2009,11,1365,4.6
Harper Lee,Fiction,Go Set a Watchman: A Novel,2015,19,14982,3.6
Adam Mansbach,Fiction,Go the F**k to Sleep,2011,9,9568,4.8
Sarah Palin,Non Fiction,Going Rogue: An American Life,2009,6,1636,4.6
Gillian Flynn,Fiction,Gone Girl,2012,10,57271,4
Gillian Flynn,Fiction,Gone Girl,2013,10,57271,4
Gillian Flynn,Fiction,Gone Girl,2014,9,57271,4
Pretty Simple Press,Non Fiction,Good Days Start With Gratitude: A 52 Week Guide To Cultivate An Attitude Of Gratitude: Gratitude Journal,2019,6,10141,4.6
Jim Collins,Non Fiction,Good to Great: Why Some Companies Make the Leap and Others Don't,2009,14,3457,4.5
Jim Collins,Non Fiction,Good to Great: Why Some Companies Make the Leap and Others Don't,2010,14,3457,4.5
Jim Collins,Non Fiction,Good to Great: Why Some Companies Make the Leap and Others Don't,2011,14,3457,4.5
Jim Collins,Non Fiction,Good to Great: Why Some Companies Make the Leap and Others Don't,2012,14,3457,4.5
Margaret Wise Brown,Fiction,Goodnight Moon,2017,5,8837,4.8
Margaret Wise Brown,Fiction,Goodnight Moon,2018,5,8837,4.8
Margaret Wise Brown,Fiction,Goodnight Moon,2019,5,8837,4.8
Sherri Duskey Rinker,Fiction,"Goodnight, Goodnight Construction Site (Hardcover Books for Toddlers, Preschool Books for Kids)",2012,7,7038,4.9
Sherri Duskey Rinker,Fiction,"Goodnight, Goodnight Construction Site (Hardcover Books for Toddlers, Preschool Books for Kids)",2013,7,7038,4.9
David Perlmutter MD,Non Fiction,"Grain Brain: The Surprising Truth about Wheat, Carbs, and Sugar--Your Brain's Silent Killers",2014,10,5972,4.6
E L James,Fiction,Grey: Fifty Shades of Grey as Told by Christian (Fifty Shades of Grey Series),2015,14,25624,4.4
Raina Telgemeier,Non Fiction,Guts,2019,7,5476,4.8
Lin-Manuel Miranda,Non Fiction,Hamilton: The Revolution,2016,54,5867,4.9
Phil Robertson,Non Fiction,"Happy, Happy, Happy: My Life and Legacy as the Duck Commander",2013,11,4148,4.8
J.K. Rowling,Fiction,"Harry Potter and the Chamber of Secrets: The Illustrated Edition (Harry Potter, Book 2)",2016,30,19622,4.9
J.K. Rowling,Fiction,"Harry Potter and the Cursed Child, Parts 1 & 2, Special Rehearsal Edition Script",2016,12,23973,4
J. K. Rowling,Fiction,"Harry Potter and the Goblet of Fire: The Illustrated Edition (Harry Potter, Book 4) (4)",2019,18,7758,4.9
J.K. Rowling,Fiction,"Harry Potter and the Prisoner of Azkaban: The Illustrated Edition (Harry Potter, Book 3)",2017,30,3146,4.9
J.K. Rowling,Fiction,"Harry Potter and the Sorcerer's Stone: The Illustrated Edition (Harry Potter, Book 1)",2016,22,10052,4.9
Scholastic,Non Fiction,Harry Potter Coloring Book,2015,9,3564,4.7
J. K. Rowling,Fiction,Harry Potter Paperback Box Set (Books 1-7),2016,52,13471,4.8
Mitch Albom,Non Fiction,Have a Little Faith: A True Story,2009,4,1930,4.8
Todd Burpo,Non Fiction,Heaven is for Real: A Little Boy's Astounding Story of His Trip to Heaven and Back,2011,10,15779,4.7
Todd Burpo,Non Fiction,Heaven is for Real: A Little Boy's Astounding Story of His Trip to Heaven and Back,2012,10,15779,4.7
J. D. Vance,Non Fiction,Hillbilly Elegy: A Memoir of a Family and Culture in Crisis,2016,14,15526,4.4
J. D. Vance,Non Fiction,Hillbilly Elegy: A Memoir of a Family and Culture in Crisis,2017,14,15526,4.4
Joanna Gaines,Non Fiction,Homebody: A Guide to Creating Spaces You Never Want to Leave,2018,22,3776,4.8
Dale Carnegie,Non Fiction,How to Win Friends & Influence People,2014,11,25001,4.7
Dale Carnegie,Non Fiction,How to Win Friends & Influence People,2015,11,25001,4.7
Dale Carnegie,Non Fiction,How to Win Friends & Influence People,2016,11,25001,4.7
Dale Carnegie,Non Fiction,How to Win Friends & Influence People,2017,11,25001,4.7
Dale Carnegie,Non Fiction,How to Win Friends & Influence People,2018,11,25001,4.7
Howard Stern,Non Fiction,Howard Stern Comes Again,2019,16,5272,4.3
Brandon Stanton,Non Fiction,Humans of New York,2013,15,3490,4.8
Brandon Stanton,Non Fiction,Humans of New York,2014,15,3490,4.8
Brandon Stanton,Non Fiction,Humans of New York : Stories,2015,17,2812,4.9
Allie Brosh,Non Fiction,"Hyperbole and a Half: Unfortunate Situations, Flawed Coping Mechanisms, Mayhem, and Other Things That Happened",2013,17,4896,4.7
Hopscotch Girls,Non Fiction,"I Am Confident, Brave & Beautiful: A Coloring Book for Girls",2019,7,9737,4.8
James Patterson,Fiction,"I, Alex Cross",2009,7,1320,4.6
Ann Whitford Paul,Fiction,If Animals Kissed Good Night,2017,4,16643,4.8
Ann Whitford Paul,Fiction,If Animals Kissed Good Night,2019,4,16643,4.8
Gayle Forman,Fiction,If I Stay,2014,9,7153,4.3
Eric Larson,Non Fiction,"In the Garden of Beasts: Love, Terror, and an American Family in Hitler's Berlin",2011,21,4571,4.4
Dan Brown,Fiction,Inferno,2013,14,29651,4.1
Christopher Paolini,Fiction,Inheritance: Book IV (Inheritance Cycle),2011,20,5299,4.6
Jennifer Smith,Non Fiction,Instant Pot Pressure Cooker Cookbook: 500 Everyday Recipes for Beginners and Advanced Users. Try Easy and Healthyâ€¦,2019,13,7396,4.4
Jennifer Smith,Non Fiction,Instant Pot Pressure Cooker Cookbook: 500 Everyday Recipes for Beginners and Advanced Users. Try Easy and Healthyâ€¦,2018,13,7396,4.4
Lysa TerKeurst,Non Fiction,It's Not Supposed to Be This Way: Finding Unexpected Strength When Disappointments Leave You Shattered,2019,12,7062,4.8
Sarah Young,Non Fiction,Jesus Calling: Enjoying Peace in His Presence (with Scripture References),2011,8,19576,4.9
Sarah Young,Non Fiction,Jesus Calling: Enjoying Peace in His Presence (with Scripture References),2012,8,19576,4.9
Sarah Young,Non Fiction,Jesus Calling: Enjoying Peace in His Presence (with Scripture References),2013,8,19576,4.9
Sarah Young,Non Fiction,Jesus Calling: Enjoying Peace in His Presence (with Scripture References),2014,8,19576,4.9
Sarah Young,Non Fiction,Jesus Calling: Enjoying Peace in His Presence (with Scripture References),2015,8,19576,4.9
Sarah Young,Non Fiction,Jesus Calling: Enjoying Peace in His Presence (with Scripture References),2016,8,19576,4.9
RH Disney,Fiction,JOURNEY TO THE ICE P,2014,0,978,4.6
Stephen King,Fiction,Joyland (Hard Case Crime),2013,12,4748,4.5
David Grann,Non Fiction,Killers of the Flower Moon: The Osage Murders and the Birth of the FBI,2017,17,8393,4.6
Bill O'Reilly,Non Fiction,Killing Jesus (Bill O'Reilly's Killing Series),2013,12,11391,4.5
Bill O'Reilly,Non Fiction,Killing Kennedy: The End of Camelot,2012,25,8634,4.6
Bill O'Reilly,Non Fiction,Killing Lincoln: The Shocking Assassination that Changed America Forever (Bill O'Reilly's Killing Series),2011,10,9342,4.7
Bill O'Reilly,Non Fiction,Killing Lincoln: The Shocking Assassination that Changed America Forever (Bill O'Reilly's Killing Series),2012,10,9342,4.7
Bill O'Reilly,Non Fiction,Killing Patton: The Strange Death of World War II's Most Audacious General (Bill O'Reilly's Killing Series),2014,6,10927,4.6
Bill O'Reilly,Non Fiction,Killing Reagan: The Violent Assault That Changed a Presidency (Bill O'Reilly's Killing Series),2015,5,5235,4.6
Bill O'Reilly,Non Fiction,Killing the Rising Sun: How America Vanquished World War II Japan (Bill O'Reilly's Killing Series),2016,6,8916,4.8
Anthony Bourdain,Non Fiction,Kitchen Confidential Updated Edition: Adventures in the Culinary Underbelly (P.S.),2018,8,2507,4.8
Rob Elliott,Non Fiction,Knock-Knock Jokes for Kids,2013,4,3673,4.5
Rob Elliott,Non Fiction,Knock-Knock Jokes for Kids,2014,4,3673,4.5
Rob Elliott,Non Fiction,Knock-Knock Jokes for Kids,2015,4,3673,4.5
Jill Twiss,Fiction,"Last Week Tonight with John Oliver Presents A Day in the Life of Marlon Bundo (Better Bundo Book, LGBT ChildrenÂ’s Book)",2018,13,11881,4.9
Rob Elliott,Non Fiction,Laugh-Out-Loud Jokes for Kids,2013,4,6990,4.6
Rob Elliott,Non Fiction,Laugh-Out-Loud Jokes for Kids,2014,4,6990,4.6
Rob Elliott,Non Fiction,Laugh-Out-Loud Jokes for Kids,2015,4,6990,4.6
Rob Elliott,Non Fiction,Laugh-Out-Loud Jokes for Kids,2016,4,6990,4.6
Rob Elliott,Non Fiction,Laugh-Out-Loud Jokes for Kids,2017,4,6990,4.6
Sheryl Sandberg,Non Fiction,"Lean In: Women, Work, and the Will to Lead",2013,13,6132,4.5
Walter Isaacson,Non Fiction,Leonardo da Vinci,2017,21,3014,4.5
Paper Peony Press,Non Fiction,Lettering and Modern Calligraphy: A Beginner's Guide: Learn Hand Lettering and Brush Lettering,2018,6,7550,4.4
Mark R. Levin,Non Fiction,Liberty and Tyranny: A Conservative Manifesto,2009,15,3828,4.8
Keith Richards,Non Fiction,Life,2010,18,2752,4.5
Chris Cleave,Fiction,Little Bee: A Novel,2010,10,1467,4.1
Alice Schertle,Fiction,Little Blue Truck,2014,0,1884,4.9
Celeste Ng,Fiction,Little Fires Everywhere,2018,12,25706,4.5
John Green,Fiction,Looking for Alaska,2014,7,8491,4.5
Rob Bell,Non Fiction,"Love Wins: A Book About Heaven, Hell, and the Fate of Every Person Who Ever Lived",2011,13,1649,4.2
Robert Munsch,Fiction,Love You Forever,2014,5,18613,4.8
Robert Munsch,Fiction,Love You Forever,2015,5,18613,4.8
Joanna Gaines,Non Fiction,Magnolia Table: A Collection of Recipes for Gathering,2018,16,9867,4.8
Ina Garten,Non Fiction,Make It Ahead: A Barefoot Contessa Cookbook,2014,20,1386,4.5
Admiral William H. McRaven,Non Fiction,Make Your Bed: Little Things That Can Change Your Life...And Maybe the World,2017,11,10199,4.7
Julia Child,Non Fiction,"Mastering the Art of French Cooking, Vol. 2",2009,27,2926,4.8
Rupi Kaur,Non Fiction,Milk and Honey,2016,8,17739,4.7
Rupi Kaur,Non Fiction,Milk and Honey,2017,8,17739,4.7
Rupi Kaur,Non Fiction,Milk and Honey,2018,8,17739,4.7
Adam Gasiewski,Non Fiction,Milk and Vine: Inspirational Quotes From Classic Vines,2017,6,3113,4.4
Carol S. Dweck,Non Fiction,Mindset: The New Psychology of Success,2014,10,5542,4.6
Carol S. Dweck,Non Fiction,Mindset: The New Psychology of Success,2015,10,5542,4.6
Carol S. Dweck,Non Fiction,Mindset: The New Psychology of Success,2016,10,5542,4.6
Suzanne Collins,Fiction,Mockingjay (The Hunger Games),2010,8,26741,4.5
Suzanne Collins,Fiction,Mockingjay (The Hunger Games),2011,8,26741,4.5
Suzanne Collins,Fiction,Mockingjay (The Hunger Games),2012,8,26741,4.5
Crispin Boyer,Non Fiction,"National Geographic Kids Why?: Over 1,111 Answers to Everything",2019,16,5347,4.8
Amy Shields,Non Fiction,National Geographic Little Kids First Big Book of Why (National Geographic Little Kids First Big Books),2019,11,7866,4.8
Stephenie Meyer,Fiction,New Moon (The Twilight Saga),2009,10,5680,4.6
Elie Wiesel,Non Fiction,Night (Night),2016,9,5178,4.7
Mark Owen,Non Fiction,No Easy Day: The Autobiography of a Navy Seal: The Firsthand Account of the Mission That Killed Osama Bin Laden,2012,14,8093,4.6
Pete Souza,Non Fiction,Obama: An Intimate Portrait,2017,22,3192,4.9
Dr. Seuss,Fiction,"Oh, the Places You'll Go!",2012,8,21834,4.9
Dr. Seuss,Fiction,"Oh, the Places You'll Go!",2013,8,21834,4.9
Dr. Seuss,Fiction,"Oh, the Places You'll Go!",2014,8,21834,4.9
Dr. Seuss,Fiction,"Oh, the Places You'll Go!",2015,8,21834,4.9
Dr. Seuss,Fiction,"Oh, the Places You'll Go!",2016,8,21834,4.9
Dr. Seuss,Fiction,"Oh, the Places You'll Go!",2017,8,21834,4.9
Dr. Seuss,Fiction,"Oh, the Places You'll Go!",2018,8,21834,4.9
Dr. Seuss,Fiction,"Oh, the Places You'll Go!",2019,8,21834,4.9
Jeff Kinney,Fiction,Old School (Diary of a Wimpy Kid #10),2015,7,6169,4.8
Elizabeth Strout,Fiction,Olive Kitteridge,2009,12,4519,4.2
Ann Voskamp,Non Fiction,One Thousand Gifts: A Dare to Live Fully Right Where You Are,2011,13,3163,4.6
Ann Voskamp,Non Fiction,One Thousand Gifts: A Dare to Live Fully Right Where You Are,2012,13,3163,4.6
Sheryl Sandberg,Non Fiction,"Option B: Facing Adversity, Building Resilience, and Finding Joy",2017,9,1831,4.5
Dan Brown,Fiction,Origin: A Novel (Robert Langdon),2017,13,18904,4.3
Christina Baker Kline,Fiction,Orphan Train,2014,11,21930,4.6
Malcolm Gladwell,Non Fiction,Outliers: The Story of Success,2009,20,10426,4.6
Malcolm Gladwell,Non Fiction,Outliers: The Story of Success,2010,20,10426,4.6
Naomi Kleinberg,Non Fiction,P is for Potty! (Sesame Street) (Lift-the-Flap),2018,5,10820,4.7
Naomi Kleinberg,Non Fiction,P is for Potty! (Sesame Street) (Lift-the-Flap),2019,5,10820,4.7
Rick Riordan,Fiction,Percy Jackson and the Olympians Paperback Boxed Set (Books 1-3),2010,2,548,4.8
Wizards RPG Team,Fiction,Player's Handbook (Dungeons & Dragons),2017,27,16990,4.8
Wizards RPG Team,Fiction,Player's Handbook (Dungeons & Dragons),2018,27,16990,4.8
Wizards RPG Team,Fiction,Player's Handbook (Dungeons & Dragons),2019,27,16990,4.8
Scholastic,Fiction,PokÃ©mon Deluxe Essential Handbook: The Need-to-Know Stats and Facts on Over 700 PokÃ©mon,2016,9,3503,4.7
Eben Alexander,Non Fiction,Proof of Heaven: A Neurosurgeon's Journey into the Afterlife,2012,10,13616,4.3
Eben Alexander,Non Fiction,Proof of Heaven: A Neurosurgeon's Journey into the Afterlife,2013,10,13616,4.3
American Psychological Association,Non Fiction,"Publication Manual of the American Psychological Association, 6th Edition",2009,46,8580,4.5
American Psychological Association,Non Fiction,"Publication Manual of the American Psychological Association, 6th Edition",2010,46,8580,4.5
American Psychological Association,Non Fiction,"Publication Manual of the American Psychological Association, 6th Edition",2011,46,8580,4.5
American Psychological Association,Non Fiction,"Publication Manual of the American Psychological Association, 6th Edition",2012,46,8580,4.5
American Psychological Association,Non Fiction,"Publication Manual of the American Psychological Association, 6th Edition",2013,46,8580,4.5
American Psychological Association,Non Fiction,"Publication Manual of the American Psychological Association, 6th Edition",2014,46,8580,4.5
American Psychological Association,Non Fiction,"Publication Manual of the American Psychological Association, 6th Edition",2015,46,8580,4.5
American Psychological Association,Non Fiction,"Publication Manual of the American Psychological Association, 6th Edition",2016,46,8580,4.5
American Psychological Association,Non Fiction,"Publication Manual of the American Psychological Association, 6th Edition",2017,46,8580,4.5
American Psychological Association,Non Fiction,"Publication Manual of the American Psychological Association, 6th Edition",2018,46,8580,4.5
Golden Books,Fiction,Puppy Birthday to You! (Paw Patrol) (Little Golden Book),2017,4,4757,4.8
Susan Cain,Non Fiction,Quiet: The Power of Introverts in a World That Can't Stop Talking,2012,20,10009,4.6
Susan Cain,Non Fiction,Quiet: The Power of Introverts in a World That Can't Stop Talking,2013,7,10009,4.6
David Platt,Non Fiction,Radical: Taking Back Your Faith from the American Dream,2010,9,1985,4.7
David Platt,Non Fiction,Radical: Taking Back Your Faith from the American Dream,2011,9,1985,4.7
Ernest Cline,Fiction,Ready Player One: A Novel,2017,12,22536,4.6
Ernest Cline,Fiction,Ready Player One: A Novel,2018,12,22536,4.6
Rush Limbaugh,Fiction,Rush Revere and the Brave Pilgrims: Time-Travel Adventures with Exceptional Americans (1),2013,12,7150,4.9
Rush Limbaugh,Fiction,Rush Revere and the First Patriots: Time-Travel Adventures With Exceptional Americans (2),2014,12,3836,4.9
Samin Nosrat,Non Fiction,"Salt, Fat, Acid, Heat: Mastering the Elements of Good Cooking",2018,20,7802,4.8
Samin Nosrat,Non Fiction,"Salt, Fat, Acid, Heat: Mastering the Elements of Good Cooking",2019,20,7802,4.8
Tatiana de Rosnay,Fiction,Sarah's Key,2010,10,3619,4.6
School Zone,Non Fiction,"School Zone - Big Preschool Workbook - Ages 4 and Up, Colors, Shapes, Numbers 1-10, Alphabet, Pre-Writing, Pre-Readingâ€¦",2018,6,23047,4.8
School Zone,Non Fiction,"School Zone - Big Preschool Workbook - Ages 4 and Up, Colors, Shapes, Numbers 1-10, Alphabet, Pre-Writing, Pre-Readingâ€¦",2019,6,23047,4.8
Johanna Basford,Non Fiction,"Secret Garden: An Inky Treasure Hunt and Coloring Book (For Adults, mindfulness coloring)",2015,9,9366,4.7
Justin Halpern,Non Fiction,Sh*t My Dad Says,2010,11,1265,4.7
Tucker Carlson,Non Fiction,Ship of Fools: How a Selfish Ruling Class Is Bringing America to the Brink of Revolution,2018,16,3923,4.8
Ian K. Smith M.D.,Non Fiction,Shred: The Revolutionary Diet: 6 Weeks 4 Inches 2 Sizes,2013,6,2272,4.1
Charlaine Harris,Fiction,Sookie Stackhouse,2009,25,973,4.7
Zhi Gang Sha,Non Fiction,"Soul Healing Miracles: Ancient and New Sacred Wisdom, Knowledge, and Practical Techniques for Healing the Spiritualâ€¦",2013,17,220,4.6
Walter Isaacson,Non Fiction,Steve Jobs,2011,20,7827,4.6
Walter Isaacson,Non Fiction,Steve Jobs,2012,20,7827,4.6
Nathan W. Pyle,Fiction,Strange Planet (Strange Planet Series),2019,6,9382,4.9
Gallup,Non Fiction,StrengthsFinder 2.0,2009,17,5069,4
Gallup,Non Fiction,StrengthsFinder 2.0,2010,17,5069,4
Gallup,Non Fiction,StrengthsFinder 2.0,2011,17,5069,4
Gallup,Non Fiction,StrengthsFinder 2.0,2012,17,5069,4
Gallup,Non Fiction,StrengthsFinder 2.0,2013,17,5069,4
Gallup,Non Fiction,StrengthsFinder 2.0,2014,17,5069,4
Gallup,Non Fiction,StrengthsFinder 2.0,2015,17,5069,4
Gallup,Non Fiction,StrengthsFinder 2.0,2016,17,5069,4
Gallup,Non Fiction,StrengthsFinder 2.0,2017,17,5069,4
Steven D. Levitt,Non Fiction,"Super Freakonomics: Global Cooling, Patriotic Prostitutes, and Why Suicide Bombers Should Buy Life Insurance",2009,18,1583,4.5
Chip Heath,Non Fiction,Switch: How to Change Things When Change Is Hard,2010,13,1907,4.6
John Grisham,Fiction,Sycamore Row (Jake Brigance),2013,18,23114,4.5
Doug Lemov,Non Fiction,Teach Like a Champion: 49 Techniques that Put Students on the Path to College,2010,20,637,4.4
Doug Lemov,Non Fiction,Teach Like a Champion: 49 Techniques that Put Students on the Path to College,2011,20,637,4.4
Mike Moreno,Non Fiction,The 17 Day Diet: A Doctor's Plan Designed for Rapid Results,2011,22,2314,4.3
Timothy Ferriss,Non Fiction,"The 4 Hour Body: An Uncommon Guide to Rapid Fat Loss, Incredible Sex and Becoming Superhuman",2011,21,4587,4.3
Gary Chapman,Non Fiction,The 5 Love Languages: The Secret to Love That Lasts,2010,28,3477,4.7
Gary Chapman,Non Fiction,The 5 Love Languages: The Secret to Love That Lasts,2011,28,3477,4.7
Gary Chapman,Non Fiction,The 5 Love Languages: The Secret to Love That Lasts,2012,28,3477,4.7
Gary Chapman,Non Fiction,The 5 Love Languages: The Secret to Love That Lasts,2013,28,3477,4.7
Gary Chapman,Non Fiction,The 5 Love Languages: The Secret to Love That Lasts,2014,28,3477,4.7
Gary Chapman,Non Fiction,The 5 Love Languages: The Secret to Love that Lasts,2015,8,25554,4.8
Gary Chapman,Non Fiction,The 5 Love Languages: The Secret to Love that Lasts,2016,8,25554,4.8
Gary Chapman,Non Fiction,The 5 Love Languages: The Secret to Love that Lasts,2017,8,25554,4.8
Gary Chapman,Non Fiction,The 5 Love Languages: The Secret to Love that Lasts,2018,8,25554,4.8
Gary Chapman,Non Fiction,The 5 Love Languages: The Secret to Love that Lasts,2019,8,25554,4.8
W. Cleon Skousen,Non Fiction,The 5000 Year Leap,2009,12,1680,4.8
Stephen R. Covey,Non Fiction,The 7 Habits of Highly Effective People: Powerful Lessons in Personal Change,2009,24,9325,4.6
Stephen R. Covey,Non Fiction,The 7 Habits of Highly Effective People: Powerful Lessons in Personal Change,2011,24,9325,4.6
Stephen R. Covey,Non Fiction,The 7 Habits of Highly Effective People: Powerful Lessons in Personal Change,2012,24,9325,4.6
Stephen R. Covey,Non Fiction,The 7 Habits of Highly Effective People: Powerful Lessons in Personal Change,2013,24,9325,4.6
Stephen R. Covey,Non Fiction,The 7 Habits of Highly Effective People: Powerful Lessons in Personal Change,2015,16,4725,4.7
Stephen R. Covey,Non Fiction,The 7 Habits of Highly Effective People: Powerful Lessons in Personal Change,2016,16,4725,4.7
Stephen R. Covey,Non Fiction,The 7 Habits of Highly Effective People: Powerful Lessons in Personal Change,2017,16,4725,4.7
Paulo Coelho,Fiction,The Alchemist,2014,39,35799,4.7
Edward Klein,Non Fiction,The Amateur,2012,9,2580,4.6
Garth Stein,Fiction,The Art of Racing in the Rain: A Novel,2010,10,11813,4.7
Garth Stein,Fiction,The Art of Racing in the Rain: A Novel,2011,10,11813,4.7
Michael Lewis,Non Fiction,The Big Short: Inside the Doomsday Machine,2010,17,3536,4.7
Rick Riordan,Fiction,The Blood of Olympus (The Heroes of Olympus (5)),2014,11,6600,4.8
Mark Hyman M.D.,Non Fiction,"The Blood Sugar Solution: The UltraHealthy Program for Losing Weight, Preventing Disease, and Feeling Great Now!",2012,14,1789,4.2
Bessel van der Kolk M.D.,Non Fiction,"The Body Keeps the Score: Brain, Mind, and Body in the Healing of Trauma",2019,12,12361,4.8
Bill Simmons,Non Fiction,The Book of Basketball: The NBA According to The Sports Guy,2009,53,858,4.7
Markus Zusak,Fiction,The Book Thief,2013,6,23148,4.6
Markus Zusak,Fiction,The Book Thief,2014,6,23148,4.6
B. J. Novak,Fiction,The Book with No Pictures,2014,8,8081,4.8
B. J. Novak,Fiction,The Book with No Pictures,2015,8,8081,4.8
Daniel James Brown,Non Fiction,The Boys in the Boat: Nine Americans and Their Epic Quest for Gold at the 1936 Berlin Olympics,2014,12,23358,4.8
Daniel James Brown,Non Fiction,The Boys in the Boat: Nine Americans and Their Epic Quest for Gold at the 1936 Berlin Olympics,2015,12,23358,4.8
J.K. Rowling,Fiction,The Casual Vacancy,2012,12,9372,3.3
Thomas Campbell,Non Fiction,The China Study: The Most Comprehensive Study of Nutrition Ever Conducted And the Startling Implications for Dietâ€¦,2011,21,4633,4.7
Amy Ramos,Non Fiction,The Complete Ketogenic Diet for Beginners: Your Essential Guide to Living the Keto Lifestyle,2018,6,13061,4.3
Amy Ramos,Non Fiction,The Complete Ketogenic Diet for Beginners: Your Essential Guide to Living the Keto Lifestyle,2019,6,13061,4.3
John Grisham,Fiction,The Confession: A Novel,2010,13,3523,4.3
Delegates of the ConstitutionalÂ…,Non Fiction,The Constitution of the United States,2016,0,2774,4.8
Jon Stewart,Non Fiction,The Daily Show with Jon Stewart Presents Earth (The Book): A Visitor's Guide to the Human Race,2010,11,440,4.4
Drew Daywalt,Fiction,The Day the Crayons Quit,2013,9,8922,4.8
Drew Daywalt,Fiction,The Day the Crayons Quit,2014,9,8922,4.8
Drew Daywalt,Fiction,The Day the Crayons Quit,2015,9,8922,4.8
Pierre Dukan,Non Fiction,"The Dukan Diet: 2 Steps to Lose the Weight, 2 Steps to Keep It Off Forever",2011,15,2023,4.1
Muriel Barbery,Fiction,The Elegance of the Hedgehog,2009,11,1859,4
John Green,Fiction,The Fault in Our Stars,2012,13,50482,4.7
John Green,Fiction,The Fault in Our Stars,2013,13,50482,4.7
John Green,Fiction,The Fault in Our Stars,2014,7,50482,4.7
John Green,Fiction,The Fault in Our Stars,2014,13,50482,4.7
Patrick Lencioni,Non Fiction,The Five Dysfunctions of a Team: A Leadership Fable,2009,6,3207,4.6
Patrick Lencioni,Non Fiction,The Five Dysfunctions of a Team: A Leadership Fable,2010,6,3207,4.6
Patrick Lencioni,Non Fiction,The Five Dysfunctions of a Team: A Leadership Fable,2011,6,3207,4.6
Patrick Lencioni,Non Fiction,The Five Dysfunctions of a Team: A Leadership Fable,2012,6,3207,4.6
Patrick Lencioni,Non Fiction,The Five Dysfunctions of a Team: A Leadership Fable,2013,6,3207,4.6
Gary Chapman,Non Fiction,The Five Love Languages: How to Express Heartfelt Commitment to Your Mate,2009,9,803,4.6
Don Miguel Ruiz,Non Fiction,The Four Agreements: A Practical Guide to Personal Freedom (A Toltec Wisdom Book),2013,6,23308,4.7
Don Miguel Ruiz,Non Fiction,The Four Agreements: A Practical Guide to Personal Freedom (A Toltec Wisdom Book),2015,6,23308,4.7
Don Miguel Ruiz,Non Fiction,The Four Agreements: A Practical Guide to Personal Freedom (A Toltec Wisdom Book),2016,6,23308,4.7
Don Miguel Ruiz,Non Fiction,The Four Agreements: A Practical Guide to Personal Freedom (A Toltec Wisdom Book),2017,6,23308,4.7
Don Miguel Ruiz,Non Fiction,The Four Agreements: A Practical Guide to Personal Freedom (A Toltec Wisdom Book),2018,6,23308,4.7
Don Miguel Ruiz,Non Fiction,The Four Agreements: A Practical Guide to Personal Freedom (A Toltec Wisdom Book),2019,6,23308,4.7
Jeff Kinney,Fiction,The Getaway,2017,0,5836,4.8
Paula Hawkins,Fiction,The Girl on the Train,2015,18,79446,4.1
Paula Hawkins,Fiction,The Girl on the Train,2016,7,79446,4.1
Stieg Larsson,Fiction,The Girl Who Kicked the Hornet's Nest (Millennium Trilogy),2010,14,7747,4.7
Stieg Larsson,Fiction,The Girl Who Kicked the Hornet's Nest (Millennium Trilogy),2011,14,7747,4.7
Stieg Larsson,Fiction,The Girl Who Played with Fire (Millennium Series),2010,9,7251,4.7
Stieg Larsson,Fiction,The Girl Who Played with Fire (Millennium),2009,16,7251,4.7
Stieg Larsson,Fiction,The Girl with the Dragon Tattoo (Millennium Series),2009,2,10559,4.4
Stieg Larsson,Fiction,The Girl with the Dragon Tattoo (Millennium Series),2010,2,10559,4.4
Sandra Boynton,Fiction,The Going-To-Bed Book,2016,5,5249,4.8
Sandra Boynton,Fiction,The Going-To-Bed Book,2017,5,5249,4.8
Donna Tartt,Fiction,The Goldfinch: A Novel (Pulitzer Prize for Fiction),2013,20,33844,3.9
Donna Tartt,Fiction,The Goldfinch: A Novel (Pulitzer Prize for Fiction),2014,20,33844,3.9
F. Scott Fitzgerald,Fiction,The Great Gatsby,2012,7,11616,4.4
F. Scott Fitzgerald,Fiction,The Great Gatsby,2013,7,11616,4.4
F. Scott Fitzgerald,Fiction,The Great Gatsby,2014,7,11616,4.4
John Grisham,Fiction,The Guardians: A Novel,2019,14,13609,4.5
Mary Ann Shaffer,Fiction,The Guernsey Literary and Potato Peel Pie Society,2009,10,8587,4.7
Margaret Atwood,Fiction,The Handmaid's Tale,2017,7,29442,4.3
Jonathan Cahn,Fiction,The Harbinger: The Ancient Mystery that Holds the Secret of America's Future,2012,13,11098,4.6
Angie Thomas,Fiction,The Hate U Give,2018,11,9947,4.8
Kathryn Stockett,Fiction,The Help,2009,6,13871,4.8
Kathryn Stockett,Fiction,The Help,2010,6,13871,4.8
Kathryn Stockett,Fiction,The Help,2011,8,13871,4.8
Kathryn Stockett,Fiction,The Help,2011,7,13871,4.8
Rick Riordan,Fiction,"The House of Hades (Heroes of Olympus, Book 4)",2013,14,6982,4.8
Suzanne Collins,Fiction,The Hunger Games,2010,14,32122,4.7
Suzanne Collins,Fiction,The Hunger Games (Book 1),2011,8,32122,4.7
Suzanne Collins,Fiction,The Hunger Games (Book 1),2012,8,32122,4.7
Suzanne Collins,Fiction,The Hunger Games Trilogy Boxed Set (1),2011,30,16949,4.8
Suzanne Collins,Fiction,The Hunger Games Trilogy Boxed Set (1),2012,30,16949,4.8
Rebecca Skloot,Non Fiction,The Immortal Life of Henrietta Lacks,2010,13,9289,4.7
Rebecca Skloot,Non Fiction,The Immortal Life of Henrietta Lacks,2011,9,9289,4.7
Rebecca Skloot,Non Fiction,The Immortal Life of Henrietta Lacks,2012,9,9289,4.7
Laurel Randolph,Non Fiction,The Instant Pot Electric Pressure Cooker Cookbook: Easy Recipes for Fast & Healthy Meals,2017,7,7368,4.3
Laurel Randolph,Non Fiction,The Instant Pot Electric Pressure Cooker Cookbook: Easy Recipes for Fast & Healthy Meals,2018,7,7368,4.3
Randy Pausch,Non Fiction,The Last Lecture,2009,9,4028,4.7
Rick Riordan,Fiction,"The Last Olympian (Percy Jackson and the Olympians, Book 5)",2009,7,4628,4.8
Rick Riordan,Fiction,"The Last Olympian (Percy Jackson and the Olympians, Book 5)",2010,7,4628,4.8
Patrick Thorpe,Fiction,The Legend of Zelda: Hyrule Historia,2013,20,5396,4.9
Daniel Lipkowitz,Non Fiction,The Lego Ideas Book: Unlock Your Imagination,2011,13,4247,4.4
Daniel Lipkowitz,Non Fiction,The Lego Ideas Book: Unlock Your Imagination,2012,13,4247,4.4
Marie KondÅ,Non Fiction,The Life-Changing Magic of Tidying Up: The Japanese Art of Decluttering and Organizing,2015,11,22641,4.5
Marie KondÅ,Non Fiction,The Life-Changing Magic of Tidying Up: The Japanese Art of Decluttering and Organizing,2016,11,22641,4.5
Marie KondÅ,Non Fiction,The Life-Changing Magic of Tidying Up: The Japanese Art of Decluttering and Organizing,2017,11,22641,4.5
Marie KondÅ,Non Fiction,The Life-Changing Magic of Tidying Up: The Japanese Art of Decluttering and Organizing,2019,11,22641,4.5
John Grisham,Fiction,The Litigators,2011,18,6222,4.4
Rick Riordan,Fiction,"The Lost Hero (Heroes of Olympus, Book 1)",2010,14,4506,4.8
Dan Brown,Fiction,The Lost Symbol,2009,19,8747,4.2
Stephen Kendrick,Non Fiction,The Love Dare,2009,13,1655,4.8
Chip Gaines,Non Fiction,The Magnolia Story,2016,5,7861,4.9
Rick Riordan,Fiction,"The Mark of Athena (Heroes of Olympus, Book 3)",2012,10,6247,4.8
Andy Weir,Fiction,The Martian,2015,9,39459,4.7
James Dashner,Fiction,The Maze Runner (Book 1),2014,8,10101,4.5
Jeff Kinney,Fiction,The Meltdown (Diary of a Wimpy Kid Book 13),2018,8,5898,4.8
The Washington Post,Non Fiction,The Mueller Report,2019,12,2744,4.6
Kristin Hannah,Fiction,The Nightingale: A Novel,2015,11,49288,4.8
Kristin Hannah,Fiction,The Nightingale: A Novel,2016,11,49288,4.8
The College Board,Non Fiction,The Official SAT Study Guide,2010,40,1201,4.4
The College Board,Non Fiction,The Official SAT Study Guide,2011,40,1201,4.4
The College Board,Non Fiction,The Official SAT Study Guide,2012,40,1201,4.4
The College Board,Non Fiction,The Official SAT Study Guide,2013,40,1201,4.4
The College Board,Non Fiction,The Official SAT Study Guide,2014,40,1201,4.4
The College Board,Non Fiction,"The Official SAT Study Guide, 2016 Edition (Official Study Guide for the New Sat)",2016,36,807,4.3
Paula McLain,Fiction,The Paris Wife: A Novel,2011,16,3759,4.3
Ree Drummond,Non Fiction,"The Pioneer Woman Cooks: A Year of Holidays: 140 Step-by-Step Recipes for Simple, Scrumptious Celebrations",2013,17,2663,4.8
Ree Drummond,Non Fiction,"The Pioneer Woman Cooks: Dinnertime - Comfort Classics, Freezer Food, 16-minute Meals, and Other Delicious Ways to Solveâ€¦",2015,14,3428,4.8
Ree Drummond,Non Fiction,The Pioneer Woman Cooks: Food from My Frontier,2012,21,2876,4.8
Dr. Steven R Gundry MD,Non Fiction,"The Plant Paradox Cookbook: 100 Delicious Recipes to Help You Lose Weight, Heal Your Gut, and Live Lectin-Free",2018,18,3601,4.5
Dr. Steven R Gundry MD,Non Fiction,"The Plant Paradox: The Hidden Dangers in ""Healthy"" Foods That Cause Disease and Weight Gain",2018,17,7058,4.4
Deborah Diesen,Fiction,The Pout-Pout Fish,2017,5,9784,4.8
Deborah Diesen,Fiction,The Pout-Pout Fish,2018,5,9784,4.8
Charles Duhigg,Non Fiction,The Power of Habit: Why We Do What We Do in Life and Business,2012,21,10795,4.6
James Patterson,Fiction,The President Is Missing: A Novel,2018,18,10191,4.3
John Grisham,Fiction,The Racketeer,2012,18,14493,4.3
Rick Riordan,Fiction,"The Red Pyramid (The Kane Chronicles, Book 1)",2010,12,2186,4.6
F. A. Hayek,Non Fiction,"The Road to Serfdom: Text and Documents--The Definitive Edition (The Collected Works of F. A. Hayek, Volume 2)",2010,14,1204,4.6
Rick Riordan,Fiction,"The Serpent's Shadow (The Kane Chronicles, Book 3)",2012,12,2091,4.8
William P. Young,Fiction,The Shack: Where Tragedy Confronts Eternity,2009,8,19720,4.6
William P. Young,Fiction,The Shack: Where Tragedy Confronts Eternity,2017,8,19720,4.6
Stephenie Meyer,Fiction,The Short Second Life of Bree Tanner: An Eclipse Novella (The Twilight Saga),2010,0,2122,4.6
Alex Michaelides,Fiction,The Silent Patient,2019,14,27536,4.5
Rick Riordan,Fiction,"The Son of Neptune (Heroes of Olympus, Book 2)",2011,10,4290,4.8
Mark Manson,Non Fiction,The Subtle Art of Not Giving a F*ck: A Counterintuitive Approach to Living a Good Life,2017,15,26490,4.6
Mark Manson,Non Fiction,The Subtle Art of Not Giving a F*ck: A Counterintuitive Approach to Living a Good Life,2018,15,26490,4.6
Mark Manson,Non Fiction,The Subtle Art of Not Giving a F*ck: A Counterintuitive Approach to Living a Good Life,2019,15,26490,4.6
Rupi Kaur,Non Fiction,The Sun and Her Flowers,2017,9,5487,4.7
Jeff Kinney,Fiction,"The Third Wheel (Diary of a Wimpy Kid, Book 7)",2012,7,6377,4.7
Rick Riordan,Fiction,"The Throne of Fire (The Kane Chronicles, Book 2)",2011,10,1463,4.7
Audrey Niffenegger,Fiction,The Time Traveler's Wife,2009,6,3759,4.4
Malcolm Gladwell,Non Fiction,The Tipping Point: How Little Things Can Make a Big Difference,2009,9,3503,4.4
Dave Ramsey,Non Fiction,The Total Money Makeover: Classic Edition: A Proven Plan for Financial Fitness,2019,10,11550,4.7
Stephenie Meyer,Fiction,The Twilight Saga Collection,2009,82,3801,4.7
Jeff Kinney,Fiction,"The Ugly Truth (Diary of a Wimpy Kid, Book 5)",2010,12,3796,4.8
Dinah Bucholz,Non Fiction,The Unofficial Harry Potter Cookbook: From Cauldron Cakes to Knickerbocker Glory--More Than 150 Magical Recipes forâ€¦,2019,10,9030,4.7
Eric Carle,Fiction,The Very Hungry Caterpillar,2013,5,19546,4.9
Eric Carle,Fiction,The Very Hungry Caterpillar,2014,5,19546,4.9
Eric Carle,Fiction,The Very Hungry Caterpillar,2015,5,19546,4.9
Eric Carle,Fiction,The Very Hungry Caterpillar,2016,5,19546,4.9
Eric Carle,Fiction,The Very Hungry Caterpillar,2017,5,19546,4.9
Eric Carle,Fiction,The Very Hungry Caterpillar,2018,5,19546,4.9
Eric Carle,Fiction,The Very Hungry Caterpillar,2019,5,19546,4.9
Melissa Hartwig Urban,Non Fiction,The Whole30: The 30-Day Guide to Total Health and Food Freedom,2015,16,7508,4.6
Melissa Hartwig Urban,Non Fiction,The Whole30: The 30-Day Guide to Total Health and Food Freedom,2016,16,7508,4.6
Melissa Hartwig Urban,Non Fiction,The Whole30: The 30-Day Guide to Total Health and Food Freedom,2017,16,7508,4.6
Emily Winfield Martin,Fiction,The Wonderful Things You Will Be,2016,10,8842,4.9
Emily Winfield Martin,Fiction,The Wonderful Things You Will Be,2017,10,8842,4.9
Emily Winfield Martin,Fiction,The Wonderful Things You Will Be,2018,10,8842,4.9
Emily Winfield Martin,Fiction,The Wonderful Things You Will Be,2019,10,8842,4.9
Craig Smith,Fiction,The Wonky Donkey,2018,4,30183,4.8
Craig Smith,Fiction,The Wonky Donkey,2019,4,30183,4.8
David McCullough,Non Fiction,The Wright Brothers,2015,16,6169,4.7
Charles Krauthammer,Non Fiction,"Things That Matter: Three Decades of Passions, Pastimes and Politics [Deckled Edge]",2013,15,7034,4.7
Daniel Kahneman,Non Fiction,"Thinking, Fast and Slow",2011,19,11034,4.6
Daniel Kahneman,Non Fiction,"Thinking, Fast and Slow",2012,19,11034,4.6
Jay Asher,Fiction,Thirteen Reasons Why,2017,9,7932,4.5
Jon Meacham,Non Fiction,Thomas Jefferson: The Art of Power,2012,23,1904,4.5
Greg Mortenson,Non Fiction,Three Cups of Tea: One Man's Mission to Promote Peace - One School at a Time,2009,11,3319,4.3
Greg Mortenson,Non Fiction,Three Cups of Tea: One Man's Mission to Promote Peace - One School at a Time,2010,11,3319,4.3
Thug Kitchen,Non Fiction,Thug Kitchen: The Official Cookbook: Eat Like You Give a F*ck (Thug Kitchen Cookbooks),2014,23,11128,4.6
Thug Kitchen,Non Fiction,Thug Kitchen: The Official Cookbook: Eat Like You Give a F*ck (Thug Kitchen Cookbooks),2015,23,11128,4.6
Thug Kitchen,Non Fiction,Thug Kitchen: The Official Cookbook: Eat Like You Give a F*ck (Thug Kitchen Cookbooks),2016,23,11128,4.6
Thug Kitchen,Non Fiction,Thug Kitchen: The Official Cookbook: Eat Like You Give a F*ck (Thug Kitchen Cookbooks),2017,23,11128,4.6
Tina Fey,Non Fiction,Tina Fey: Bossypants,2011,12,5977,4.3
Harper Lee,Fiction,To Kill a Mockingbird,2013,0,26234,4.8
Harper Lee,Fiction,To Kill a Mockingbird,2014,0,26234,4.8
Harper Lee,Fiction,To Kill a Mockingbird,2015,0,26234,4.8
Harper Lee,Fiction,To Kill a Mockingbird,2016,0,26234,4.8
Harper Lee,Fiction,To Kill a Mockingbird,2019,7,26234,4.8
Timothy Ferriss,Non Fiction,"Tools of Titans: The Tactics, Routines, and Habits of Billionaires, Icons, and World-Class Performers",2017,21,4360,4.6
Robert Jordan,Fiction,"Towers of Midnight (Wheel of Time, Book Thirteen)",2010,21,2282,4.8
Edward M. Kennedy,Non Fiction,True Compass: A Memoir,2009,15,438,4.5
Stephenie Meyer,Fiction,"Twilight (The Twilight Saga, Book 1)",2009,9,11676,4.7
DK,Fiction,Ultimate Sticker Book: Frozen: More Than 60 Reusable Full-Color Stickers,2014,5,2586,4.5
Laura Hillenbrand,Non Fiction,"Unbroken: A World War II Story of Survival, Resilience, and Redemption",2010,16,29673,4.8
Laura Hillenbrand,Non Fiction,"Unbroken: A World War II Story of Survival, Resilience, and Redemption",2011,16,29673,4.8
Laura Hillenbrand,Non Fiction,"Unbroken: A World War II Story of Survival, Resilience, and Redemption",2012,16,29673,4.8
Laura Hillenbrand,Non Fiction,"Unbroken: A World War II Story of Survival, Resilience, and Redemption",2014,13,29673,4.8
Laura Hillenbrand,Non Fiction,"Unbroken: A World War II Story of Survival, Resilience, and Redemption",2014,16,29673,4.8
Stephen King,Fiction,Under the Dome: A Novel,2009,20,6740,4.3
Mark R. Levin,Non Fiction,Unfreedom of the Press,2019,11,5956,4.9
Silly Bear,Non Fiction,Unicorn Coloring Book: For Kids Ages 4-8 (US Edition) (Silly Bear Coloring Books),2019,4,6108,4.8
Lysa TerKeurst,Non Fiction,"Uninvited: Living Loved When You Feel Less Than, Left Out, and Lonely",2016,9,4585,4.7
Alan Moore,Fiction,Watchmen,2009,42,3829,4.8
Sara Gruen,Fiction,Water for Elephants: A Novel,2011,12,8958,4.5
Hillary Rodham Clinton,Non Fiction,What Happened,2017,18,5492,4.6
Randall Munroe,Non Fiction,What If?: Serious Scientific Answers to Absurd Hypothetical Questions,2014,17,9292,4.7
Dr. Seuss,Fiction,What Pet Should I Get? (Classic Seuss),2015,14,1873,4.7
Adir Levy,Fiction,What Should Danny Do? (The Power to Choose Series),2019,13,8170,4.8
Heidi Murkoff,Non Fiction,What to Expect When You're Expecting,2011,9,3341,4.4
William Davis,Non Fiction,"Wheat Belly: Lose the Wheat, Lose the Weight, and Find Your Path Back to Health",2012,6,7497,4.4
William Davis,Non Fiction,"Wheat Belly: Lose the Wheat, Lose the Weight, and Find Your Path Back to Health",2013,6,7497,4.4
Paul Kalanithi,Non Fiction,When Breath Becomes Air,2016,14,13779,4.8
Delia Owens,Fiction,Where the Crawdads Sing,2019,15,87841,4.8
Maurice Sendak,Fiction,Where the Wild Things Are,2009,13,9967,4.8
The Staff of The Late Show withÂ…,Non Fiction,Whose Boat Is This Boat?: Comments That Don't Help in the Aftermath of a Hurricane,2018,12,6669,4.6
Cheryl Strayed,Non Fiction,Wild: From Lost to Found on the Pacific Crest Trail,2012,18,17044,4.4
Ken Follett,Fiction,Winter of the World: Book Two of the Century Trilogy,2012,15,10760,4.5
Geneen Roth,Non Fiction,Women Food and God: An Unexpected Path to Almost Everything,2010,11,1302,4.2
R. J. Palacio,Fiction,Wonder,2013,9,21625,4.8
R. J. Palacio,Fiction,Wonder,2014,9,21625,4.8
R. J. Palacio,Fiction,Wonder,2015,9,21625,4.8
R. J. Palacio,Fiction,Wonder,2016,9,21625,4.8
R. J. Palacio,Fiction,Wonder,2017,9,21625,4.8
Jeff Kinney,Fiction,Wrecking Ball (Diary of a Wimpy Kid Book 14),2019,8,9413,4.9
Jen Sincero,Non Fiction,You Are a Badass: How to Stop Doubting Your Greatness and Start Living an Awesome Life,2016,8,14331,4.7
Jen Sincero,Non Fiction,You Are a Badass: How to Stop Doubting Your Greatness and Start Living an Awesome Life,2017,8,14331,4.7
Jen Sincero,Non Fiction,You Are a Badass: How to Stop Doubting Your Greatness and Start Living an Awesome Life,2018,8,14331,4.7
Jen Sincero,Non Fiction,You Are a Badass: How to Stop Doubting Your Greatness and Start Living an Awesome Life,2019,8,14331,4.7
